step,S
0,430.5790389175314
1,236.80362136221012
2,208.15479108360964
3,100.44549563261609
4,94.25119708924576
5,89.70565942482727
6,85.83932580222495
7,82.48302024483603
8,79.52711987614438
9,76.89193554807241
10,74.51784093638176
11,72.35912675449316
12,70.37994772232327
13,68.55162066625374
14,66.85080655315453
15,65.25827174678878
16,63.75802906393399
17,62.33672837986962
18,60.98321208024879
19,59.68818055543154
20,58.443932403641895
21,57.24415654385429
22,56.08376149449165
23,54.95873285734951
24,53.86601832939014
25,52.80347577947015
26,51.77016844962219
27,50.769275228883046
28,49.833648952562946
29,49.272096091991
30,48.88480579053102
31,48.63109289659751
32,47.67423241524338
33,47.41345084879893
34,47.16135311178407
35,46.9033975861118
36,46.63910884128346
37,46.36858439307636
38,46.09198514844798
39,45.80950575806272
40,45.521372937887
41,45.22784592574035
42,44.92921690441902
43,44.62581110850246
44,44.317986540342545
45,44.006133261785344
46,43.690672254715196
47,43.37205387713814
48,43.050755988588634
49,42.72728188710361
50,42.40215831820901
51,42.07593412872879
52,41.74918149049146
53,41.42250949869483
54,41.09665377566749
55,40.77311991608847
56,40.459424688741876
57,40.21732171315131
58,40.06691392188112
59,39.93661449880881
60,39.847937132735304
61,39.56483749905288
62,39.47125785423769
63,39.381395815129466
64,39.28925063387875
65,39.19451554174351
66,39.09719830189034
67,38.99734561266106
68,38.89502343148657
69,38.79031653563138
70,38.68333019660098
71,38.57419225201632
72,38.4630553327096
73,38.350099174695224
74,38.2355329564436
75,38.119597584698774
76,38.00256782813733
77,37.88475418096556
78,37.766504377063704
79,37.648204815147125
80,37.53028417246938
81,37.41323372083723
82,37.297740137937524
83,37.185626886158204
84,37.08724872852222
85,37.08658811792169
86,37.03626457292985
87,37.012656527087884
88,36.8313975442249
89,36.80192178465928
90,36.77353912517813
91,36.744567398977914
92,36.71499380972176
93,36.68485174184836
94,36.65418153393684
95,36.62302889600525
96,36.59144482528512
97,36.55948553148849
98,36.52721226110524
99,36.49469099310998
100,36.4619919849543
101,36.42918914847176
102,36.39635923620085
103,36.36358082044006
104,36.330933050361196
105,36.2984941769062
106,36.26633984112009
107,36.234541129266326
108,36.20316240871762
109,36.172258979923626
110,36.14187466445625
111,36.112039987432176
112,36.082775791527595
113,36.05414387854246
114,36.02674851522576
115,36.007088805008415
116,35.99672005621916
117,35.99069983809491
118,35.96390724301288
119,35.9557214566952
120,35.947982845117174
121,35.94002225197642
122,35.931790797679
123,35.92327462094887
124,35.9144617190702
125,35.90533897043299
126,35.89589154050216
127,35.886102510641976
128,35.87595249702364
129,35.865419222746404
130,35.854477031369456
131,35.84309633337569
132,35.83124297699695
133,35.818877534633906
134,35.805954498992534
135,35.79242140228122
136,35.77821797634739
137,35.763276057775144
138,35.74752452367419
139,35.73092779070974
140,35.71376926162692
141,35.69893083440256
142,35.68828934249337
143,35.677885841680265
144,35.66778325829566
145,35.658698652346644
146,35.65285846139569
147,35.63145544448983
148,35.62346765514967
149,35.61575646736223
150,35.60764065665591
151,35.599036288484285
152,35.58990056184071
153,35.58019167046284
154,35.56986433893525
155,35.55886876413716
156,35.547149927359484
157,35.53464689056349
158,35.52129200346089
159,35.50700999277281
160,35.49171691116402
161,35.47531892470217
162,35.45771092779031
163,35.438775032303
164,35.418379273774775
165,35.396378462237834
166,35.37262836940709
167,35.34708443646187
168,35.320488732459395
169,35.299629326735484
170,35.28091704785487
171,35.26307664928474
172,35.2457832970184
173,35.229896629725175
174,35.21846004321979
175,35.18254263780684
176,35.169041379477136
177,35.15569251849698
178,35.1415404089401
179,35.1264587561583
180,35.11036698739862
181,35.09318185682284
182,35.07481233656946
183,35.05515807834486
184,35.03410815476981
185,35.01153969439699
186,34.98731633198687
187,34.96128643407541
188,34.933281062456714
189,34.90311163510547
190,34.87056724188646
191,34.835411580679725
192,34.79737954000896
193,34.75617378605975
194,34.71146359269264
195,34.662899829237844
196,34.61024053406054
197,34.554300595224845
198,34.50475680502231
199,34.46889749413699
200,34.43342634246217
201,34.39885200321121
202,34.36824788166366
203,34.351038791059935
204,34.26882619748888
205,34.239276905550525
206,34.21104243217684
207,34.181225891766985
208,34.149457002675376
209,34.11555345512923
210,34.07934099519801
211,34.04063296773626
212,33.99922609920495
213,33.95489836473739
214,33.90740711652312
215,33.856487193044025
216,33.80184898167349
217,33.74317647779823
218,33.680125449970404
219,33.61232198746077
220,33.53936233091362
221,33.4608177479254
222,33.37626326628465
223,33.28543793660631
224,33.18922965650714
225,33.09647892384875
226,33.07688955413946
227,32.996920717206315
228,32.93304396749958
229,32.884821750713314
230,32.86496364643893
231,32.66192688730125
232,32.61633884638788
233,32.57240150828385
234,32.52616203830821
235,32.4773114217235
236,32.42569176162437
237,32.37115059287012
238,32.313532080865976
239,32.252677174600414
240,32.18842491116547
241,32.12061426791602
242,32.04908657848119
243,31.97368861056234
244,31.894276426170194
245,31.81072015753352
246,31.722909838884167
247,31.630762434212066
248,31.5342301930282
249,31.433310461477937
250,31.328057160674994
251,31.21859486483691
252,31.105141415890806
253,30.988080964844965
254,30.868412490393066
255,30.751381254750683
256,30.680425400974563
257,30.62514760782712
258,30.585399144648022
259,30.578772774861843
260,30.39464816481607
261,30.353575106239994
262,30.31655721723969
263,30.278698747042178
264,30.239735272077958
265,30.199674318641385
266,30.15855654299735
267,30.116437365588553
268,30.07338594285057
269,30.02948597339254
270,29.984836685551997
271,29.939553734753616
272,29.893769909106766
273,29.847635560728158
274,29.801318678173647
275,29.75500451613088
276,29.70889472328505
277,29.663206036950545
278,29.618169241367767
279,29.574032473511245
280,29.531093329512814
281,29.48992093641946
282,29.45295317028009
283,29.43722168728781
284,29.4152796106695
285,29.398187125475033
286,29.38647081217612
287,29.38419639754445
288,29.331249765297915
289,29.32103720787068
290,29.31192494220498
291,29.30278459241655
292,29.293580981949923
293,29.284331784267195
294,29.275060024110207
295,29.26579066461658
296,29.256550144980828
297,29.247366160974245
298,29.23826743628682
299,29.229283452217658
300,29.22044413005416
301,29.211779465757736
302,29.203319119107313
303,29.195091961934143
304,29.18712559345053
305,29.179445837453926
306,29.172076258783278
307,29.165037843137462
308,29.15834958906412
309,29.152034634986308
310,29.146164277159997
311,29.14119389787401
312,29.140824877596145
313,29.138194106783068
314,29.136706699461946
315,29.12923771500106
316,29.12796179583546
317,29.12672191782879
318,29.125467520844573
319,29.12419918684847
320,29.122918619599936
321,29.121627626953128
322,29.120328063377023
323,29.119021803778736
324,29.11771071567158
325,29.116396627823832
326,29.115081295299788
327,29.113766361033463
328,29.112453314197307
329,29.11114344574678
330,29.109837801644417
331,29.108537134389188
332,29.107241853594434
333,29.10595197646166
334,29.104667079081814
335,29.10338624955874
336,29.102108044025776
337,29.100830446996135
338,29.099550840199953
339,29.09826600537998
340,29.096972369591832
341,29.095668450041575
342,29.09438012557878
343,29.093452544082023
344,29.093023159560023
345,29.0929324761046
346,29.091274057474642
347,29.09081028386518
348,29.09039438267794
349,29.08996535448272
350,29.08951741528318
351,29.089048986205725
352,29.0885588758358
353,29.088045873362102
354,29.08750868428905
355,29.086945910824028
356,29.086356038961704
357,29.085737426145066
358,29.085088288310416
359,29.084406686176543
360,29.083690511386237
361,29.08293747536863
362,29.082145113487826
363,29.08131086360285
364,29.080432525419717
365,29.07951086321527
366,29.078565652096533
367,29.07774608847942
368,29.077111821897425
369,29.0765038155085
370,29.07589538326254
371,29.075283126128213
372,29.074683177757937
373,29.074150377732792
374,29.0738496743271
375,29.072628622115005
376,29.07214704916194
377,29.071696446653824
378,29.071227322459826
379,29.07073344891682
380,29.070212633692343
381,29.069663113238967
382,29.069083096742418
383,29.06847068426744
384,29.067823841187938
385,29.067140382329413
386,29.066417957457382
387,29.06565403663942
388,29.064845896536234
389,29.06399061356862
390,29.06308508922761
391,29.062126221595364
392,29.0611117892045
393,29.06004516313553
394,29.058962941395443
395,29.058116101781195
396,29.057295365545905
397,29.056546990234573
398,29.055811205304163
399,29.055072690535297
400,29.054341483959384
401,29.053664853866042
402,29.053185597309785
403,29.05187839229087
404,29.051324191745174
405,29.050788052269162
406,29.050226595802336
407,29.04963445632722
408,29.049009288330456
409,29.04834897169067
410,29.047651292730208
411,29.04691388656618
412,29.04613421442364
413,29.04530954568809
414,29.044436939531405
415,29.04351322496288
416,29.042534979097752
417,29.041498504349004
418,29.040399808407756
419,29.039234604853704
420,29.037998420660642
421,29.036687266918356
422,29.035301549038042
423,29.033870707873056
424,29.03262630957252
425,29.031664387645932
426,29.03073635478483
427,29.029806442842304
428,29.028874104506315
429,29.027973927980206
430,29.02721708928502
431,29.026939862126504
432,29.02473835122168
433,29.023952852600956
434,29.02324065380526
435,29.022501460126733
436,29.021722482324396
437,29.0208996124519
438,29.020029756674717
439,29.019109821464035
440,29.018136527877086
441,29.01710635568176
442,29.01601551108225
443,29.014859898544543
444,29.01363509387859
445,29.01233632363172
446,29.010958474860217
447,29.009496237378386
448,29.00794484578202
449,29.00630378066328
450,29.004596655762903
451,29.002989894531265
452,29.0025861910149
453,29.00081859926733
454,28.999432368298386
455,28.99820348311213
456,28.99708938274991
457,28.996168580419962
458,28.995723531320923
459,28.99264328077332
460,28.99175955090592
461,28.990917815625238
462,28.99003442423104
463,28.989101443871455
464,28.988115240224463
465,28.987072337146166
466,28.98596904603368
467,28.98480140093327
468,28.983565125192143
469,28.98225559989539
470,28.98086782958171
471,28.979396404034137
472,28.977835455427588
473,28.976178610175577
474,28.97441893491213
475,28.972548876676342
476,28.970560200646716
477,28.968443945699168
478,28.96619051205916
479,28.9637905707674
480,28.96124139937058
481,28.95859293751881
482,28.956319328130718
483,28.954669167592165
484,28.95306262089592
485,28.951516269675103
486,28.950157833770398
487,28.94937676919409
488,28.94584799161863
489,28.944603457370953
490,28.943418459622166
491,28.942175970497118
492,28.940862759856305
493,28.939473116890575
494,28.93800179877018
495,28.93644327459669
496,28.934791586763723
497,28.9330402885374
498,28.93118238944445
499,28.929210296987762
500,28.92711575177478
501,28.924889754790282
502,28.92252248650225
503,28.920003220535968
504,28.91732024823412
505,28.9144608961142
506,28.91141206603208
507,28.90816376399188
508,28.904731329192362
509,28.90130808259404
510,28.899436882642256
511,28.896833042803152
512,28.8945486237984
513,28.892537454467735
514,28.89102495431466
515,28.89075248081518
516,28.883699851057393
517,28.88192636985068
518,28.880291910134407
519,28.878578561823197
520,28.876765975606304
521,28.87484597776484
522,28.87281102104747
523,28.870653095895534
524,28.868363541135462
525,28.865932952684474
526,28.86335109903088
527,28.860606829122883
528,28.857687968750774
529,28.8545812031095
530,28.851271943518604
531,28.84774417697907
532,28.843980301093865
533,28.839960966142748
534,28.835665045902537
535,28.831070421238792
536,28.826159765292786
537,28.82095981134686
538,28.815830370638068
539,28.8138410054946
540,28.810153154500703
541,28.807142420781858
542,28.80504522747571
543,28.804915008998343
544,28.792946767994472
545,28.790381384493095
546,28.788004464220606
547,28.7855052348444
548,28.782857359555802
549,28.780048955231237
550,28.777068472724707
551,28.77390351047623
552,28.770540589056658
553,28.76696501275655
554,28.76316072862622
555,28.759110168952546
556,28.754794072251837
557,28.750191278808828
558,28.745278496454134
559,28.74003003174085
560,28.734417481645405
561,28.728409383935556
562,28.721970843495424
563,28.715063261016056
564,28.70764494938372
565,28.69967780218647
566,28.691177545255776
567,28.68261208527348
568,28.678414194235785
569,28.67316956503023
570,28.669022862154335
571,28.66694548032711
572,28.651482224771428
573,28.647678630968713
574,28.643970721462065
575,28.640051363150164
576,28.63589120001155
577,28.63147172403076
578,28.626773694390607
579,28.621776201625874
580,28.616456395834554
581,28.610789250431715
582,28.60474730173201
583,28.598300352602617
584,28.59141513297914
585,28.584054909641488
586,28.57617903634179
587,28.56774243366716
588,28.558694985990776
589,28.54898084077576
590,28.538537594899015
591,28.527295362456762
592,28.51517579256397
593,28.502091600887518
594,28.487950712300012
595,28.4726970075536
596,28.456665344837194
597,28.44394803254136
598,28.435020101023355
599,28.427143688110952
600,28.42206832019254
601,28.400864470491072
602,28.39387865345322
603,28.387032355672353
604,28.37978623435537
605,28.372076978499038
606,28.363865866881724
607,28.355113088838394
608,28.34577523738977
609,28.33580459922566
610,28.325148579182837
611,28.313749073674785
612,28.30154175570609
613,28.2884552512171
614,28.274410186607575
615,28.25931808430513
616,28.24308007959287
617,28.22558542984482
618,28.206709796457655
619,28.18631335065438
620,28.16423917769597
621,28.140315072778403
622,28.114379573640182
623,28.086486827297122
624,28.058569690412646
625,28.049415567349143
626,28.032701189427247
627,28.021217488104263
628,28.020087479922132
629,27.95256489477628
630,27.938801294729682
631,27.925835194709993
632,27.91210771762051
633,27.897479010982146
634,27.881871030787842
635,27.86520360493389
636,27.847389082689517
637,27.828330908880517
638,27.80792245223258
639,27.786045725698816
640,27.762569932143627
641,27.737349800323333
642,27.710223676979332
643,27.68101133691674
644,27.649511467993392
645,27.61549878356771
646,27.578720715526572
647,27.538893667251678
648,27.495698970232294
649,27.448779670633165
650,27.397745641468113
651,27.342240358213974
652,27.282490852754826
653,27.22406729017887
654,27.22376672571669
655,27.199041732470924
656,27.197138225771102
657,27.03980741418732
658,27.012450987688318
659,26.98640651463362
660,26.958801533041935
661,26.92939900318369
662,26.89805340091405
663,26.864613203079326
664,26.828913854110702
665,26.790775936202223
666,26.75000368074192
667,26.706383424570248
668,26.659681974390068
669,26.609644888252475
670,26.555994699294878
671,26.49842912328893
672,26.436619313184025
673,26.37020825337818
674,26.298809427381833
675,26.222005952545178
676,26.139350483001603
677,26.0503664858455
678,25.954552933699958
679,25.851403705348574
680,25.74052303221663
681,25.62251750318584
682,25.507087379396587
683,25.4963439159501
684,25.467936979715383
685,25.24443242653131
686,25.20023606304934
687,25.15663935443719
688,25.11074294677467
689,25.06233320298665
690,25.01127558804872
691,24.957436797466315
692,24.900681742730193
693,24.84087450383573
694,24.777879915087663
695,24.71156561431286
696,24.64180461280684
697,24.568478472596105
698,24.491481186934017
699,24.41072386374855
700,24.32614030964192
701,24.237693601262507
702,24.14538370763148
703,24.049256186897768
704,23.949411920882756
705,23.846017779623473
706,23.739318115321595
707,23.62964772195608
708,23.517453351339842
709,23.403385240574444
710,23.289019741321802
711,23.183893143405705
712,23.183213754661764
713,23.028178930415105
714,22.996864548935505
715,22.965950089186588
716,22.934135208948966
717,22.90140885645265
718,22.867798123437225
719,22.83333994358479
720,22.79808072373598
721,22.762077096047037
722,22.72539670862913
723,22.68811895980273
724,22.650335633711382
725,22.612151393345115
726,22.573684081025952
727,22.535064770531477
728,22.496437510355833
729,22.45795869503545
730,22.419796002030843
731,22.382126836532628
732,22.345136237083963
733,22.30901421291586
734,22.273952514428373
735,22.240140909107595
736,22.207763345410395
737,22.17699654874344
738,22.148032134612635
739,22.12132413422986
740,22.100241579999658
741,22.09014771320065
742,22.08251299768983
743,22.080581209844166
744,22.05722220984896
745,22.05061560374166
746,22.04499254554315
747,22.039451974667614
748,22.033929044756892
749,22.028429766791263
750,22.02296907115258
751,22.01756378646351
752,22.012231489902447
753,22.006990158270334
754,22.001857939602957
755,21.996852933103636
756,21.991992958668053
757,21.987295321436214
758,21.982776602391933
759,21.978452590993918
760,21.974338845113277
761,21.970454168480984
762,21.966839086944965
763,21.963660389475145
764,21.96186823495748
765,21.959624854229517
766,21.957872975847337
767,21.956348106215145
768,21.9549803057455
769,21.953784200448723
770,21.95286238697131
771,21.952512618100567
772,21.949971737881064
773,21.94926513100996
774,21.948649906461373
775,21.94804445018072
776,21.947444238979614
777,21.946850327783036
778,21.946264376334454
779,21.945688146010188
780,21.94512341863511
781,21.944571967017186
782,21.944035532506412
783,21.943515802952675
784,21.943014390136454
785,21.94253280692546
786,21.942072445048094
787,21.941634555856275
788,21.941220242333436
789,21.940830497994998
790,21.940466470609067
791,21.94013094927156
792,21.9398373357711
793,21.93966995923288
794,21.939483839387652
795,21.939334066467737
796,21.93920489791163
797,21.939094180099758
798,21.93900919330067
799,21.938973599047433
800,21.938733748727927
801,21.93867136731393
802,21.938616144469492
803,21.938561664723153
804,21.93850766503746
805,21.938454258897465
806,21.93840159587175
807,21.938349831159044
808,21.93829912069476
809,21.938249619019377
810,21.93820147744939
811,21.938154842226737
812,21.93810985261471
813,21.938066638963566
814,21.938025320788743
815,21.93798600493031
816,21.937948783942343
817,21.937913735203047
818,21.937880922928827
819,21.937850414617152
820,21.937822380765716
821,21.93779773829931
822,21.937782781498573
823,21.937768951711327
824,21.937757459642548
825,21.93774767112966
826,21.937739887060825
827,21.93773555793139
828,21.93771674175514
829,21.937711646564463
830,21.937706985384807
831,21.93770236727348
832,21.937697783606183
833,21.9376932453616
834,21.937688765266792
835,21.937684356375236
836,21.937680031811432
837,21.93767580462177
838,21.937671687630512
839,21.937667693289598
840,21.937663833522244
841,21.937660119562715
842,21.937656561795105
843,21.937653169594995
844,21.937649951178766
845,21.937646913468733
846,21.93764406199724
847,21.9376414009505
848,21.93763893390922
849,21.937636668824304
850,21.937634652474564
851,21.93763323610949
852,21.937632261866494
853,21.937631414329363
854,21.937630690130643
855,21.93763014882582
856,21.937629972601133
857,21.937628292023955
858,21.93762786787761
859,21.93762749943155
860,21.937627136898517
861,21.937626777838823
862,21.93762642292095
863,21.937626073122306
864,21.9376257294663
865,21.93762539298116
866,21.937625064684287
867,21.93762474556985
868,21.93762443659653
869,21.937624138675048
870,21.93762385265554
871,21.937623579315225
872,21.93762331934695
873,21.937623073350636
874,21.93762284183537
875,21.93762262526903
876,21.937622424376336
877,21.93762224191171
878,21.937622094270267
879,21.937622003284652
880,21.93762192121489
881,21.93762184454974
882,21.937621772661064
883,21.93762170653305
884,21.937621649467612
885,21.937621610668998
886,21.93762152757305
887,21.937621493148065
888,21.937621461689574
889,21.937621430704525
890,21.937621400059207
891,21.93762136981457
892,21.937621340054704
893,21.93762131086734
894,21.937621282340245
895,21.937621254559833
896,21.93762122760999
897,21.937621201571055
898,21.937621176518697
899,21.937621152522894
900,21.93762112964697
901,21.93762110794705
902,21.937621087472852
903,21.93762106827488
904,21.937621050443337
905,21.937621034327627
906,21.93762102190613
907,21.937621013148508
908,21.937621005541665
909,21.93762099852122
910,21.937620991942687
911,21.937620985836418
912,21.937620980402954
913,21.937620976209004
914,21.937620974892653
915,21.937620964614887
916,21.93762096131719
917,21.93762095855974
918,21.937620955882977
919,21.9376209532455
920,21.937620950647947
921,21.937620948096683
922,21.937620945599065
923,21.93762094316257
924,21.937620940794567
925,21.937620938502157
926,21.937620936292113
927,21.9376209341708
928,21.937620932144103
929,21.937620930217584
930,21.937620928397187
931,21.93762092669261
932,21.93762092513345
933,21.937620923855235
934,21.93762092361007
935,21.937620922256308
936,21.937620921360597
937,21.937620920644502
938,21.93762092002743
939,21.937620919496243
940,21.93762091908178
941,21.937620918887667
942,21.93762091778997
943,21.9376209174959
944,21.93762091723297
945,21.937620916973167
946,21.93762091671544
947,21.937620916460343
948,21.937620916208587
949,21.9376209159609
950,21.93762091571802
951,21.937620915480686
952,21.937620915249614
953,21.9376209150255
954,21.937620914809017
955,21.93762091460079
956,21.937620914401396
957,21.937620914211365
958,21.93762091403115
959,21.93762091386114
960,21.93762091370165
961,21.937620913552994
962,21.937620913415763
963,21.937620913292903
964,21.93762091320415
965,21.937620913140908
966,21.937620913085574
967,21.937620913036028
968,21.937620912993072
969,21.93762091296088
970,21.937620912951495
971,21.93762091285457
972,21.93762091282862
973,21.93762091280643
974,21.93762091278467
975,21.93762091276313
976,21.93762091274185
977,21.937620912720888
978,21.937620912700297
979,21.93762091268014
980,21.93762091266049
981,21.937620912641393
982,21.93762091262291
983,21.937620912605098
984,21.937620912588006
985,21.93762091257169
986,21.93762091255617
987,21.9376209125415
988,21.93762091252771
989,21.937620912514852
990,21.937620912503093
991,21.93762091249331
992,21.937620912491177
993,21.937620912483084
994,21.937620912477243
995,21.93762091247269
996,21.937620912469306
997,21.937620912467693
998,21.937620912457316
999,21.93762091245508
1000,21.93762091245303
1001,21.937620912450996
1002,21.937620912448963
1003,21.937620912446956
1004,21.937620912444963
1005,21.937620912443002
1006,21.93762091244107
1007,21.937620912439172
1008,21.937620912437325
1009,21.937620912435523
1010,21.937620912433776
1011,21.93762091243209
1012,21.93762091243047
1013,21.93762091242892
1014,21.93762091242744
1015,21.93762091242604
1016,21.93762091242472
1017,21.937620912423483
1018,21.937620912422325
1019,21.93762091242126
1020,21.937620912420275
1021,21.93762091241939
1022,21.937620912418694
1023,21.937620912418307
1024,21.937620912417955
1025,21.93762091241765
1026,21.937620912417422
1027,21.937620912417362
1028,21.93762091241667
1029,21.937620912416484
1030,21.937620912416328
1031,21.937620912416172
1032,21.937620912416016
1033,21.937620912415866
1034,21.937620912415717
1035,21.937620912415568
1036,21.937620912415426
1037,21.937620912415284
1038,21.937620912415156
1039,21.937620912415017
1040,21.93762091241489
1041,21.937620912414765
1042,21.93762091241465
1043,21.937620912414545
1044,21.937620912414438
1045,21.93762091241434
1046,21.937620912414246
1047,21.93762091241417
1048,21.93762091241411
1049,21.93762091241406
1050,21.93762091241402
1051,21.937620912413983
1052,21.93762091241395
1053,21.93762091241392
1054,21.93762091241389
1055,21.937620912413877
1056,21.937620912413877
1057,21.93762091241381
1058,21.93762091241379
1059,21.937620912413777
1060,21.937620912413763
1061,21.93762091241375
1062,21.937620912413735
1063,21.93762091241372
1064,21.937620912413713
1065,21.9376209124137
1066,21.937620912413685
1067,21.93762091241367
1068,21.937620912413657
1069,21.93762091241365
1070,21.937620912413635
1071,21.937620912413628
1072,21.93762091241362
1073,21.93762091241361
1074,21.937620912413603
1075,21.937620912413593
1076,21.937620912413593
1077,21.937620912413585
1078,21.937620912413585
1079,21.93762091241358
1080,21.93762091241357
1081,21.93762091241357
1082,21.937620912413568
1083,21.937620912413564
1084,21.93762091241356
1085,21.937620912413557
1086,21.937620912413557
1087,21.937620912413557
1088,21.937620912413557
1089,21.937620912413557
1090,21.937620912413557
1091,21.937620912413557
1092,21.937620912413557
1093,21.937620912413557
1094,21.937620912413557
1095,21.937620912413557
1096,21.937620912413557
1097,21.937620912413557
1098,21.937620912413557
1099,21.937620912413557
1100,21.937620912413557
1101,21.937620912413557
1102,21.937620912413557
1103,21.937620912413557
1104,21.937620912413557
1105,21.937620912413557
1106,21.937620912413557
1107,21.937620912413557
1108,21.937620912413557
1109,21.937620912413557
1110,21.937620912413557
1111,21.937620912413557
1112,21.937620912413557
1113,21.937620912413557
1114,21.937620912413557
1115,21.937620912413557
1116,21.937620912413557
1117,21.937620912413557
1118,21.937620912413557
1119,21.937620912413557
1120,21.937620912413557
1121,21.937620912413557
1122,21.937620912413557
1123,21.937620912413557
1124,21.937620912413557
1125,21.937620912413557
1126,21.937620912413557
1127,21.937620912413557
1128,21.937620912413557
1129,21.937620912413557
1130,21.937620912413557
1131,21.937620912413557
1132,21.937620912413557
1133,21.937620912413557
1134,21.937620912413557
1135,21.937620912413557
1136,21.937620912413557
1137,21.937620912413557
1138,21.937620912413557
1139,21.937620912413557
1140,21.937620912413557
1141,21.937620912413557
1142,21.937620912413557
1143,21.937620912413557
1144,21.937620912413557
1145,21.937620912413557
1146,21.937620912413557
1147,21.937620912413557
1148,21.937620912413557
1149,21.937620912413557
1150,21.937620912413557
1151,21.937620912413557
1152,21.937620912413557
1153,21.937620912413557
1154,21.937620912413557
1155,21.937620912413557
1156,21.937620912413557
1157,21.937620912413557
1158,21.937620912413557
1159,21.937620912413557
1160,21.937620912413557
1161,21.937620912413557
1162,21.937620912413557
1163,21.937620912413557
1164,21.937620912413557
1165,21.937620912413557
1166,21.937620912413557
1167,21.937620912413557
1168,21.937620912413557
1169,21.937620912413557
1170,21.937620912413557
1171,21.937620912413557
1172,21.937620912413557
1173,21.937620912413557
1174,21.937620912413557
1175,21.937620912413557
1176,21.937620912413557
1177,21.937620912413557
1178,21.937620912413557
1179,21.937620912413557
1180,21.937620912413557
1181,21.937620912413557
1182,21.937620912413557
1183,21.937620912413557
1184,21.937620912413557
1185,21.937620912413557
1186,21.937620912413557
1187,21.937620912413557
1188,21.937620912413557
1189,21.937620912413557
1190,21.937620912413557
1191,21.937620912413557
1192,21.937620912413557
1193,21.937620912413557
1194,21.937620912413557
1195,21.937620912413557
1196,21.937620912413557
1197,21.937620912413557
1198,21.937620912413557
1199,21.937620912413557
1200,21.937620912413557
1201,21.937620912413557
1202,21.937620912413557
1203,21.937620912413557
1204,21.937620912413557
1205,21.937620912413557
1206,21.937620912413557
1207,21.937620912413557
1208,21.937620912413557
1209,21.937620912413557
1210,21.937620912413557
1211,21.937620912413557
1212,21.937620912413557
1213,21.937620912413557
1214,21.937620912413557
1215,21.937620912413557
1216,21.937620912413557
1217,21.937620912413557
1218,21.937620912413557
1219,21.937620912413557
1220,21.937620912413557
1221,21.937620912413557
1222,21.937620912413557
1223,21.937620912413557
1224,21.937620912413557
1225,21.937620912413557
1226,21.937620912413557
1227,21.937620912413557
1228,21.937620912413557
1229,21.937620912413557
1230,21.937620912413557
1231,21.937620912413557
1232,21.937620912413557
1233,21.937620912413557
1234,21.937620912413557
1235,21.937620912413557
1236,21.937620912413557
1237,21.937620912413557
1238,21.937620912413557
1239,21.937620912413557
1240,21.937620912413557
1241,21.937620912413557
1242,21.937620912413557
1243,21.937620912413557
1244,21.937620912413557
1245,21.937620912413557
1246,21.937620912413557
1247,21.937620912413557
1248,21.937620912413557
1249,21.937620912413557
1250,21.937620912413557
1251,21.937620912413557
1252,21.937620912413557
1253,21.937620912413557
1254,21.937620912413557
1255,21.937620912413557
1256,21.937620912413557
1257,21.937620912413557
1258,21.937620912413557
1259,21.937620912413557
1260,21.937620912413557
1261,21.937620912413557
1262,21.937620912413557
1263,21.937620912413557
1264,21.937620912413557
1265,21.937620912413557
1266,21.937620912413557
1267,21.937620912413557
1268,21.937620912413557
1269,21.937620912413557
1270,21.937620912413557
1271,21.937620912413557
1272,21.937620912413557
1273,21.937620912413557
1274,21.937620912413557
1275,21.937620912413557
1276,21.937620912413557
1277,21.937620912413557
1278,21.937620912413557
1279,21.937620912413557
1280,21.937620912413557
1281,21.937620912413557
1282,21.937620912413557
1283,21.937620912413557
1284,21.937620912413557
1285,21.937620912413557
1286,21.937620912413557
1287,21.937620912413557
1288,21.937620912413557
1289,21.937620912413557
1290,21.937620912413557
1291,21.937620912413557
1292,21.937620912413557
1293,21.937620912413557
1294,21.937620912413557
1295,21.937620912413557
1296,21.937620912413557
1297,21.937620912413557
1298,21.937620912413557
1299,21.937620912413557
1300,21.937620912413557
1301,21.937620912413557
1302,21.937620912413557
1303,21.937620912413557
1304,21.937620912413557
1305,21.937620912413557
1306,21.937620912413557
1307,21.937620912413557
1308,21.937620912413557
1309,21.937620912413557
1310,21.937620912413557
1311,21.937620912413557
1312,21.937620912413557
1313,21.937620912413557
1314,21.937620912413557
1315,21.937620912413557
1316,21.937620912413557
1317,21.937620912413557
1318,21.937620912413557
1319,21.937620912413557
1320,21.937620912413557
1321,21.937620912413557
1322,21.937620912413557
1323,21.937620912413557
1324,21.937620912413557
1325,21.937620912413557
1326,21.937620912413557
1327,21.937620912413557
1328,21.937620912413557
1329,21.937620912413557
1330,21.937620912413557
1331,21.937620912413557
1332,21.937620912413557
1333,21.937620912413557
1334,21.937620912413557
1335,21.937620912413557
1336,21.937620912413557
1337,21.937620912413557
1338,21.937620912413557
1339,21.937620912413557
1340,21.937620912413557
1341,21.937620912413557
1342,21.937620912413557
1343,21.937620912413557
1344,21.937620912413557
1345,21.937620912413557
1346,21.937620912413557
1347,21.937620912413557
1348,21.937620912413557
1349,21.937620912413557
1350,21.937620912413557
1351,21.937620912413557
1352,21.937620912413557
1353,21.937620912413557
1354,21.937620912413557
1355,21.937620912413557
1356,21.937620912413557
1357,21.937620912413557
1358,21.937620912413557
1359,21.937620912413557
1360,21.937620912413557
1361,21.937620912413557
1362,21.937620912413557
1363,21.937620912413557
1364,21.937620912413557
1365,21.937620912413557
1366,21.937620912413557
1367,21.937620912413557
1368,21.937620912413557
1369,21.937620912413557
1370,21.937620912413557
1371,21.937620912413557
1372,21.937620912413557
1373,21.937620912413557
1374,21.937620912413557
1375,21.937620912413557
1376,21.937620912413557
1377,21.937620912413557
1378,21.937620912413557
1379,21.937620912413557
1380,21.937620912413557
1381,21.937620912413557
1382,21.937620912413557
1383,21.937620912413557
1384,21.937620912413557
1385,21.937620912413557
1386,21.937620912413557
1387,21.937620912413557
1388,21.937620912413557
1389,21.937620912413557
1390,21.937620912413557
1391,21.937620912413557
1392,21.937620912413557
1393,21.937620912413557
1394,21.937620912413557
1395,21.937620912413557
1396,21.937620912413557
1397,21.937620912413557
1398,21.937620912413557
1399,21.937620912413557
1400,21.937620912413557
1401,21.937620912413557
1402,21.937620912413557
1403,21.937620912413557
1404,21.937620912413557
1405,21.937620912413557
1406,21.937620912413557
1407,21.937620912413557
1408,21.937620912413557
1409,21.937620912413557
1410,21.937620912413557
1411,21.937620912413557
1412,21.937620912413557
1413,21.937620912413557
1414,21.937620912413557
1415,21.937620912413557
1416,21.937620912413557
1417,21.937620912413557
1418,21.937620912413557
1419,21.937620912413557
1420,21.937620912413557
1421,21.937620912413557
1422,21.937620912413557
1423,21.937620912413557
1424,21.937620912413557
1425,21.937620912413557
1426,21.937620912413557
1427,21.937620912413557
1428,21.937620912413557
1429,21.937620912413557
1430,21.937620912413557
1431,21.937620912413557
1432,21.937620912413557
1433,21.937620912413557
1434,21.937620912413557
1435,21.937620912413557
1436,21.937620912413557
1437,21.937620912413557
1438,21.937620912413557
1439,21.937620912413557
1440,21.937620912413557
1441,21.937620912413557
1442,21.937620912413557
1443,21.937620912413557
1444,21.937620912413557
1445,21.937620912413557
1446,21.937620912413557
1447,21.937620912413557
1448,21.937620912413557
1449,21.937620912413557
1450,21.937620912413557
1451,21.937620912413557
1452,21.937620912413557
1453,21.937620912413557
1454,21.937620912413557
1455,21.937620912413557
1456,21.937620912413557
1457,21.937620912413557
1458,21.937620912413557
1459,21.937620912413557
1460,21.937620912413557
1461,21.937620912413557
1462,21.937620912413557
1463,21.937620912413557
1464,21.937620912413557
1465,21.937620912413557
1466,21.937620912413557
1467,21.937620912413557
1468,21.937620912413557
1469,21.937620912413557
1470,21.937620912413557
1471,21.937620912413557
1472,21.937620912413557
1473,21.937620912413557
1474,21.937620912413557
1475,21.937620912413557
1476,21.937620912413557
1477,21.937620912413557
1478,21.937620912413557
1479,21.937620912413557
1480,21.937620912413557
1481,21.937620912413557
1482,21.937620912413557
1483,21.937620912413557
1484,21.937620912413557
1485,21.937620912413557
1486,21.937620912413557
1487,21.937620912413557
1488,21.937620912413557
1489,21.937620912413557
1490,21.937620912413557
1491,21.937620912413557
1492,21.937620912413557
1493,21.937620912413557
1494,21.937620912413557
1495,21.937620912413557
1496,21.937620912413557
1497,21.937620912413557
1498,21.937620912413557
1499,21.937620912413557
1500,21.937620912413557
1501,21.937620912413557
1502,21.937620912413557
1503,21.937620912413557
1504,21.937620912413557
1505,21.937620912413557
1506,21.937620912413557
1507,21.937620912413557
1508,21.937620912413557
1509,21.937620912413557
1510,21.937620912413557
1511,21.937620912413557
1512,21.937620912413557
1513,21.937620912413557
1514,21.937620912413557
1515,21.937620912413557
1516,21.937620912413557
1517,21.937620912413557
1518,21.937620912413557
1519,21.937620912413557
1520,21.937620912413557
1521,21.937620912413557
1522,21.937620912413557
1523,21.937620912413557
1524,21.937620912413557
1525,21.937620912413557
1526,21.937620912413557
1527,21.937620912413557
1528,21.937620912413557
1529,21.937620912413557
1530,21.937620912413557
1531,21.937620912413557
1532,21.937620912413557
1533,21.937620912413557
1534,21.937620912413557
1535,21.937620912413557
1536,21.937620912413557
1537,21.937620912413557
1538,21.937620912413557
1539,21.937620912413557
1540,21.937620912413557
1541,21.937620912413557
1542,21.937620912413557
1543,21.937620912413557
1544,21.937620912413557
1545,21.937620912413557
1546,21.937620912413557
1547,21.937620912413557
1548,21.937620912413557
1549,21.937620912413557
1550,21.937620912413557
1551,21.937620912413557
1552,21.937620912413557
1553,21.937620912413557
1554,21.937620912413557
1555,21.937620912413557
1556,21.937620912413557
1557,21.937620912413557
1558,21.937620912413557
1559,21.937620912413557
1560,21.937620912413557
1561,21.937620912413557
1562,21.937620912413557
1563,21.937620912413557
1564,21.937620912413557
1565,21.937620912413557
1566,21.937620912413557
1567,21.937620912413557
1568,21.937620912413557
1569,21.937620912413557
1570,21.937620912413557
1571,21.937620912413557
1572,21.937620912413557
1573,21.937620912413557
1574,21.937620912413557
1575,21.937620912413557
1576,21.937620912413557
1577,21.937620912413557
1578,21.937620912413557
1579,21.937620912413557
1580,21.937620912413557
1581,21.937620912413557
1582,21.937620912413557
1583,21.937620912413557
1584,21.937620912413557
1585,21.937620912413557
1586,21.937620912413557
1587,21.937620912413557
1588,21.937620912413557
1589,21.937620912413557
1590,21.937620912413557
1591,21.937620912413557
1592,21.937620912413557
1593,21.937620912413557
1594,21.937620912413557
1595,21.937620912413557
1596,21.937620912413557
1597,21.937620912413557
1598,21.937620912413557
1599,21.937620912413557
1600,21.937620912413557
1601,21.937620912413557
1602,21.937620912413557
1603,21.937620912413557
1604,21.937620912413557
1605,21.937620912413557
1606,21.937620912413557
1607,21.937620912413557
1608,21.937620912413557
1609,21.937620912413557
1610,21.937620912413557
1611,21.937620912413557
1612,21.937620912413557
1613,21.937620912413557
1614,21.937620912413557
1615,21.937620912413557
1616,21.937620912413557
1617,21.937620912413557
1618,21.937620912413557
1619,21.937620912413557
1620,21.937620912413557
1621,21.937620912413557
1622,21.937620912413557
1623,21.937620912413557
1624,21.937620912413557
1625,21.937620912413557
1626,21.937620912413557
1627,21.937620912413557
1628,21.937620912413557
1629,21.937620912413557
1630,21.937620912413557
1631,21.937620912413557
1632,21.937620912413557
1633,21.937620912413557
1634,21.937620912413557
1635,21.937620912413557
1636,21.937620912413557
1637,21.937620912413557
1638,21.937620912413557
1639,21.937620912413557
1640,21.937620912413557
1641,21.937620912413557
1642,21.937620912413557
1643,21.937620912413557
1644,21.937620912413557
1645,21.937620912413557
1646,21.937620912413557
1647,21.937620912413557
1648,21.937620912413557
1649,21.937620912413557
1650,21.937620912413557
1651,21.937620912413557
1652,21.937620912413557
1653,21.937620912413557
1654,21.937620912413557
1655,21.937620912413557
1656,21.937620912413557
1657,21.937620912413557
1658,21.937620912413557
1659,21.937620912413557
1660,21.937620912413557
1661,21.937620912413557
1662,21.937620912413557
1663,21.937620912413557
1664,21.937620912413557
1665,21.937620912413557
1666,21.937620912413557
1667,21.937620912413557
1668,21.937620912413557
1669,21.937620912413557
1670,21.937620912413557
1671,21.937620912413557
1672,21.937620912413557
1673,21.937620912413557
1674,21.937620912413557
1675,21.937620912413557
1676,21.937620912413557
1677,21.937620912413557
1678,21.937620912413557
1679,21.937620912413557
1680,21.937620912413557
1681,21.937620912413557
1682,21.937620912413557
1683,21.937620912413557
1684,21.937620912413557
1685,21.937620912413557
1686,21.937620912413557
1687,21.937620912413557
1688,21.937620912413557
1689,21.937620912413557
1690,21.937620912413557
1691,21.937620912413557
1692,21.937620912413557
1693,21.937620912413557
1694,21.937620912413557
1695,21.937620912413557
1696,21.937620912413557
1697,21.937620912413557
1698,21.937620912413557
1699,21.937620912413557
1700,21.937620912413557
1701,21.937620912413557
1702,21.937620912413557
1703,21.937620912413557
1704,21.937620912413557
1705,21.937620912413557
1706,21.937620912413557
1707,21.937620912413557
1708,21.937620912413557
1709,21.937620912413557
1710,21.937620912413557
1711,21.937620912413557
1712,21.937620912413557
1713,21.937620912413557
1714,21.937620912413557
1715,21.937620912413557
1716,21.937620912413557
1717,21.937620912413557
1718,21.937620912413557
1719,21.937620912413557
1720,21.937620912413557
1721,21.937620912413557
1722,21.937620912413557
1723,21.937620912413557
1724,21.937620912413557
1725,21.937620912413557
1726,21.937620912413557
1727,21.937620912413557
1728,21.937620912413557
1729,21.937620912413557
1730,21.937620912413557
1731,21.937620912413557
1732,21.937620912413557
1733,21.937620912413557
1734,21.937620912413557
1735,21.937620912413557
1736,21.937620912413557
1737,21.937620912413557
1738,21.937620912413557
1739,21.937620912413557
1740,21.937620912413557
1741,21.937620912413557
1742,21.937620912413557
1743,21.937620912413557
1744,21.937620912413557
1745,21.937620912413557
1746,21.937620912413557
1747,21.937620912413557
1748,21.937620912413557
1749,21.937620912413557
1750,21.937620912413557
1751,21.937620912413557
1752,21.937620912413557
1753,21.937620912413557
1754,21.937620912413557
1755,21.937620912413557
1756,21.937620912413557
1757,21.937620912413557
1758,21.937620912413557
1759,21.937620912413557
1760,21.937620912413557
1761,21.937620912413557
1762,21.937620912413557
1763,21.937620912413557
1764,21.937620912413557
1765,21.937620912413557
1766,21.937620912413557
1767,21.937620912413557
1768,21.937620912413557
1769,21.937620912413557
1770,21.937620912413557
1771,21.937620912413557
1772,21.937620912413557
1773,21.937620912413557
1774,21.937620912413557
1775,21.937620912413557
1776,21.937620912413557
1777,21.937620912413557
1778,21.937620912413557
1779,21.937620912413557
1780,21.937620912413557
1781,21.937620912413557
1782,21.937620912413557
1783,21.937620912413557
1784,21.937620912413557
1785,21.937620912413557
1786,21.937620912413557
1787,21.937620912413557
1788,21.937620912413557
1789,21.937620912413557
1790,21.937620912413557
1791,21.937620912413557
1792,21.937620912413557
1793,21.937620912413557
1794,21.937620912413557
1795,21.937620912413557
1796,21.937620912413557
1797,21.937620912413557
1798,21.937620912413557
1799,21.937620912413557
1800,21.937620912413557
1801,21.937620912413557
1802,21.937620912413557
1803,21.937620912413557
1804,21.937620912413557
1805,21.937620912413557
1806,21.937620912413557
1807,21.937620912413557
1808,21.937620912413557
1809,21.937620912413557
1810,21.937620912413557
1811,21.937620912413557
1812,21.937620912413557
1813,21.937620912413557
1814,21.937620912413557
1815,21.937620912413557
1816,21.937620912413557
1817,21.937620912413557
1818,21.937620912413557
1819,21.937620912413557
1820,21.937620912413557
1821,21.937620912413557
1822,21.937620912413557
1823,21.937620912413557
1824,21.937620912413557
1825,21.937620912413557
1826,21.937620912413557
1827,21.937620912413557
1828,21.937620912413557
1829,21.937620912413557
1830,21.937620912413557
1831,21.937620912413557
1832,21.937620912413557
1833,21.937620912413557
1834,21.937620912413557
1835,21.937620912413557
1836,21.937620912413557
1837,21.937620912413557
1838,21.937620912413557
1839,21.937620912413557
1840,21.937620912413557
1841,21.937620912413557
1842,21.937620912413557
1843,21.937620912413557
1844,21.937620912413557
1845,21.937620912413557
1846,21.937620912413557
1847,21.937620912413557
1848,21.937620912413557
1849,21.937620912413557
1850,21.937620912413557
1851,21.937620912413557
1852,21.937620912413557
1853,21.937620912413557
1854,21.937620912413557
1855,21.937620912413557
1856,21.937620912413557
1857,21.937620912413557
1858,21.937620912413557
1859,21.937620912413557
1860,21.937620912413557
1861,21.937620912413557
1862,21.937620912413557
1863,21.937620912413557
1864,21.937620912413557
1865,21.937620912413557
1866,21.937620912413557
1867,21.937620912413557
1868,21.937620912413557
1869,21.937620912413557
1870,21.937620912413557
1871,21.937620912413557
1872,21.937620912413557
1873,21.937620912413557
1874,21.937620912413557
1875,21.937620912413557
1876,21.937620912413557
1877,21.937620912413557
1878,21.937620912413557
1879,21.937620912413557
1880,21.937620912413557
1881,21.937620912413557
1882,21.937620912413557
1883,21.937620912413557
1884,21.937620912413557
1885,21.937620912413557
1886,21.937620912413557
1887,21.937620912413557
1888,21.937620912413557
1889,21.937620912413557
1890,21.937620912413557
1891,21.937620912413557
1892,21.937620912413557
1893,21.937620912413557
1894,21.937620912413557
1895,21.937620912413557
1896,21.937620912413557
1897,21.937620912413557
1898,21.937620912413557
1899,21.937620912413557
1900,21.937620912413557
1901,21.937620912413557
1902,21.937620912413557
1903,21.937620912413557
1904,21.937620912413557
1905,21.937620912413557
1906,21.937620912413557
1907,21.937620912413557
1908,21.937620912413557
1909,21.937620912413557
1910,21.937620912413557
1911,21.937620912413557
1912,21.937620912413557
1913,21.937620912413557
1914,21.937620912413557
1915,21.937620912413557
1916,21.937620912413557
1917,21.937620912413557
1918,21.937620912413557
1919,21.937620912413557
1920,21.937620912413557
1921,21.937620912413557
1922,21.937620912413557
1923,21.937620912413557
1924,21.937620912413557
1925,21.937620912413557
1926,21.937620912413557
1927,21.937620912413557
1928,21.937620912413557
1929,21.937620912413557
1930,21.937620912413557
1931,21.937620912413557
1932,21.937620912413557
1933,21.937620912413557
1934,21.937620912413557
1935,21.937620912413557
1936,21.937620912413557
1937,21.937620912413557
1938,21.937620912413557
1939,21.937620912413557
1940,21.937620912413557
1941,21.937620912413557
1942,21.937620912413557
1943,21.937620912413557
1944,21.937620912413557
1945,21.937620912413557
1946,21.937620912413557
1947,21.937620912413557
1948,21.937620912413557
1949,21.937620912413557
1950,21.937620912413557
1951,21.937620912413557
1952,21.937620912413557
1953,21.937620912413557
1954,21.937620912413557
1955,21.937620912413557
1956,21.937620912413557
1957,21.937620912413557
1958,21.937620912413557
1959,21.937620912413557
1960,21.937620912413557
1961,21.937620912413557
1962,21.937620912413557
1963,21.937620912413557
1964,21.937620912413557
1965,21.937620912413557
1966,21.937620912413557
1967,21.937620912413557
1968,21.937620912413557
1969,21.937620912413557
1970,21.937620912413557
1971,21.937620912413557
1972,21.937620912413557
1973,21.937620912413557
1974,21.937620912413557
1975,21.937620912413557
1976,21.937620912413557
1977,21.937620912413557
1978,21.937620912413557
1979,21.937620912413557
1980,21.937620912413557
1981,21.937620912413557
1982,21.937620912413557
1983,21.937620912413557
1984,21.937620912413557
1985,21.937620912413557
1986,21.937620912413557
1987,21.937620912413557
1988,21.937620912413557
1989,21.937620912413557
1990,21.937620912413557
1991,21.937620912413557
1992,21.937620912413557
1993,21.937620912413557
1994,21.937620912413557
1995,21.937620912413557
1996,21.937620912413557
1997,21.937620912413557
1998,21.937620912413557
1999,21.937620912413557
2000,21.937620912413557
2001,21.937620912413557
2002,21.937620912413557
2003,21.937620912413557
2004,21.937620912413557
2005,21.937620912413557
2006,21.937620912413557
2007,21.937620912413557
2008,21.937620912413557
2009,21.937620912413557
2010,21.937620912413557
2011,21.937620912413557
2012,21.937620912413557
2013,21.937620912413557
2014,21.937620912413557
2015,21.937620912413557
2016,21.937620912413557
2017,21.937620912413557
2018,21.937620912413557
2019,21.937620912413557
2020,21.937620912413557
2021,21.937620912413557
2022,21.937620912413557
2023,21.937620912413557
2024,21.937620912413557
2025,21.937620912413557
2026,21.937620912413557
2027,21.937620912413557
2028,21.937620912413557
2029,21.937620912413557
2030,21.937620912413557
2031,21.937620912413557
2032,21.937620912413557
2033,21.937620912413557
2034,21.937620912413557
2035,21.937620912413557
2036,21.937620912413557
2037,21.937620912413557
2038,21.937620912413557
2039,21.937620912413557
2040,21.937620912413557
2041,21.937620912413557
2042,21.937620912413557
2043,21.937620912413557
2044,21.937620912413557
2045,21.937620912413557
2046,21.937620912413557
2047,21.937620912413557
2048,21.937620912413557
2049,21.937620912413557
2050,21.937620912413557
2051,21.937620912413557
2052,21.937620912413557
2053,21.937620912413557
2054,21.937620912413557
2055,21.937620912413557
2056,21.937620912413557
2057,21.937620912413557
2058,21.937620912413557
2059,21.937620912413557
2060,21.937620912413557
2061,21.937620912413557
2062,21.937620912413557
2063,21.937620912413557
2064,21.937620912413557
2065,21.937620912413557
2066,21.937620912413557
2067,21.937620912413557
2068,21.937620912413557
2069,21.937620912413557
2070,21.937620912413557
2071,21.937620912413557
2072,21.937620912413557
2073,21.937620912413557
2074,21.937620912413557
2075,21.937620912413557
2076,21.937620912413557
2077,21.937620912413557
2078,21.937620912413557
2079,21.937620912413557
2080,21.937620912413557
2081,21.937620912413557
2082,21.937620912413557
2083,21.937620912413557
2084,21.937620912413557
2085,21.937620912413557
2086,21.937620912413557
2087,21.937620912413557
2088,21.937620912413557
2089,21.937620912413557
2090,21.937620912413557
2091,21.937620912413557
2092,21.937620912413557
2093,21.937620912413557
2094,21.937620912413557
2095,21.937620912413557
2096,21.937620912413557
2097,21.937620912413557
2098,21.937620912413557
2099,21.937620912413557
2100,21.937620912413557
2101,21.937620912413557
2102,21.937620912413557
2103,21.937620912413557
2104,21.937620912413557
2105,21.937620912413557
2106,21.937620912413557
2107,21.937620912413557
2108,21.937620912413557
2109,21.937620912413557
2110,21.937620912413557
2111,21.937620912413557
2112,21.937620912413557
2113,21.937620912413557
2114,21.937620912413557
2115,21.937620912413557
2116,21.937620912413557
2117,21.937620912413557
2118,21.937620912413557
2119,21.937620912413557
2120,21.937620912413557
2121,21.937620912413557
2122,21.937620912413557
2123,21.937620912413557
2124,21.937620912413557
2125,21.937620912413557
2126,21.937620912413557
2127,21.937620912413557
2128,21.937620912413557
2129,21.937620912413557
2130,21.937620912413557
2131,21.937620912413557
2132,21.937620912413557
2133,21.937620912413557
2134,21.937620912413557
2135,21.937620912413557
2136,21.937620912413557
2137,21.937620912413557
2138,21.937620912413557
2139,21.937620912413557
2140,21.937620912413557
2141,21.937620912413557
2142,21.937620912413557
2143,21.937620912413557
2144,21.937620912413557
2145,21.937620912413557
2146,21.937620912413557
2147,21.937620912413557
2148,21.937620912413557
2149,21.937620912413557
2150,21.937620912413557
2151,21.937620912413557
2152,21.937620912413557
2153,21.937620912413557
2154,21.937620912413557
2155,21.937620912413557
2156,21.937620912413557
2157,21.937620912413557
2158,21.937620912413557
2159,21.937620912413557
2160,21.937620912413557
2161,21.937620912413557
2162,21.937620912413557
2163,21.937620912413557
2164,21.937620912413557
2165,21.937620912413557
2166,21.937620912413557
2167,21.937620912413557
2168,21.937620912413557
2169,21.937620912413557
2170,21.937620912413557
2171,21.937620912413557
2172,21.937620912413557
2173,21.937620912413557
2174,21.937620912413557
2175,21.937620912413557
2176,21.937620912413557
2177,21.937620912413557
2178,21.937620912413557
2179,21.937620912413557
2180,21.937620912413557
2181,21.937620912413557
2182,21.937620912413557
2183,21.937620912413557
2184,21.937620912413557
2185,21.937620912413557
2186,21.937620912413557
2187,21.937620912413557
2188,21.937620912413557
2189,21.937620912413557
2190,21.937620912413557
2191,21.937620912413557
2192,21.937620912413557
2193,21.937620912413557
2194,21.937620912413557
2195,21.937620912413557
2196,21.937620912413557
2197,21.937620912413557
2198,21.937620912413557
2199,21.937620912413557
2200,21.937620912413557
2201,21.937620912413557
2202,21.937620912413557
2203,21.937620912413557
2204,21.937620912413557
2205,21.937620912413557
2206,21.937620912413557
2207,21.937620912413557
2208,21.937620912413557
2209,21.937620912413557
2210,21.937620912413557
2211,21.937620912413557
2212,21.937620912413557
2213,21.937620912413557
2214,21.937620912413557
2215,21.937620912413557
2216,21.937620912413557
2217,21.937620912413557
2218,21.937620912413557
2219,21.937620912413557
2220,21.937620912413557
2221,21.937620912413557
2222,21.937620912413557
2223,21.937620912413557
2224,21.937620912413557
2225,21.937620912413557
2226,21.937620912413557
2227,21.937620912413557
2228,21.937620912413557
2229,21.937620912413557
2230,21.937620912413557
2231,21.937620912413557
2232,21.937620912413557
2233,21.937620912413557
2234,21.937620912413557
2235,21.937620912413557
2236,21.937620912413557
2237,21.937620912413557
2238,21.937620912413557
2239,21.937620912413557
2240,21.937620912413557
2241,21.937620912413557
2242,21.937620912413557
2243,21.937620912413557
2244,21.937620912413557
2245,21.937620912413557
2246,21.937620912413557
2247,21.937620912413557
2248,21.937620912413557
2249,21.937620912413557
2250,21.937620912413557
2251,21.937620912413557
2252,21.937620912413557
2253,21.937620912413557
2254,21.937620912413557
2255,21.937620912413557
2256,21.937620912413557
2257,21.937620912413557
2258,21.937620912413557
2259,21.937620912413557
2260,21.937620912413557
2261,21.937620912413557
2262,21.937620912413557
2263,21.937620912413557
2264,21.937620912413557
2265,21.937620912413557
2266,21.937620912413557
2267,21.937620912413557
2268,21.937620912413557
2269,21.937620912413557
2270,21.937620912413557
2271,21.937620912413557
2272,21.937620912413557
2273,21.937620912413557
2274,21.937620912413557
2275,21.937620912413557
2276,21.937620912413557
2277,21.937620912413557
2278,21.937620912413557
2279,21.937620912413557
2280,21.937620912413557
2281,21.937620912413557
2282,21.937620912413557
2283,21.937620912413557
2284,21.937620912413557
2285,21.937620912413557
2286,21.937620912413557
2287,21.937620912413557
2288,21.937620912413557
2289,21.937620912413557
2290,21.937620912413557
2291,21.937620912413557
2292,21.937620912413557
2293,21.937620912413557
2294,21.937620912413557
2295,21.937620912413557
2296,21.937620912413557
2297,21.937620912413557
2298,21.937620912413557
2299,21.937620912413557
2300,21.937620912413557
2301,21.937620912413557
2302,21.937620912413557
2303,21.937620912413557
2304,21.937620912413557
2305,21.937620912413557
2306,21.937620912413557
2307,21.937620912413557
2308,21.937620912413557
2309,21.937620912413557
2310,21.937620912413557
2311,21.937620912413557
2312,21.937620912413557
2313,21.937620912413557
2314,21.937620912413557
2315,21.937620912413557
2316,21.937620912413557
2317,21.937620912413557
2318,21.937620912413557
2319,21.937620912413557
2320,21.937620912413557
2321,21.937620912413557
2322,21.937620912413557
2323,21.937620912413557
2324,21.937620912413557
2325,21.937620912413557
2326,21.937620912413557
2327,21.937620912413557
2328,21.937620912413557
2329,21.937620912413557
2330,21.937620912413557
2331,21.937620912413557
2332,21.937620912413557
2333,21.937620912413557
2334,21.937620912413557
2335,21.937620912413557
2336,21.937620912413557
2337,21.937620912413557
2338,21.937620912413557
2339,21.937620912413557
2340,21.937620912413557
2341,21.937620912413557
2342,21.937620912413557
2343,21.937620912413557
2344,21.937620912413557
2345,21.937620912413557
2346,21.937620912413557
2347,21.937620912413557
2348,21.937620912413557
2349,21.937620912413557
2350,21.937620912413557
2351,21.937620912413557
2352,21.937620912413557
2353,21.937620912413557
2354,21.937620912413557
2355,21.937620912413557
2356,21.937620912413557
2357,21.937620912413557
2358,21.937620912413557
2359,21.937620912413557
2360,21.937620912413557
2361,21.937620912413557
2362,21.937620912413557
2363,21.937620912413557
2364,21.937620912413557
2365,21.937620912413557
2366,21.937620912413557
2367,21.937620912413557
2368,21.937620912413557
2369,21.937620912413557
2370,21.937620912413557
2371,21.937620912413557
2372,21.937620912413557
2373,21.937620912413557
2374,21.937620912413557
2375,21.937620912413557
2376,21.937620912413557
2377,21.937620912413557
2378,21.937620912413557
2379,21.937620912413557
2380,21.937620912413557
2381,21.937620912413557
2382,21.937620912413557
2383,21.937620912413557
2384,21.937620912413557
2385,21.937620912413557
2386,21.937620912413557
2387,21.937620912413557
2388,21.937620912413557
2389,21.937620912413557
2390,21.937620912413557
2391,21.937620912413557
2392,21.937620912413557
2393,21.937620912413557
2394,21.937620912413557
2395,21.937620912413557
2396,21.937620912413557
2397,21.937620912413557
2398,21.937620912413557
2399,21.937620912413557
2400,21.937620912413557
2401,21.937620912413557
2402,21.937620912413557
2403,21.937620912413557
2404,21.937620912413557
2405,21.937620912413557
2406,21.937620912413557
2407,21.937620912413557
2408,21.937620912413557
2409,21.937620912413557
2410,21.937620912413557
2411,21.937620912413557
2412,21.937620912413557
2413,21.937620912413557
2414,21.937620912413557
2415,21.937620912413557
2416,21.937620912413557
2417,21.937620912413557
2418,21.937620912413557
2419,21.937620912413557
2420,21.937620912413557
2421,21.937620912413557
2422,21.937620912413557
2423,21.937620912413557
2424,21.937620912413557
2425,21.937620912413557
2426,21.937620912413557
2427,21.937620912413557
2428,21.937620912413557
2429,21.937620912413557
2430,21.937620912413557
2431,21.937620912413557
2432,21.937620912413557
2433,21.937620912413557
2434,21.937620912413557
2435,21.937620912413557
2436,21.937620912413557
2437,21.937620912413557
2438,21.937620912413557
2439,21.937620912413557
2440,21.937620912413557
2441,21.937620912413557
2442,21.937620912413557
2443,21.937620912413557
2444,21.937620912413557
2445,21.937620912413557
2446,21.937620912413557
2447,21.937620912413557
2448,21.937620912413557
2449,21.937620912413557
2450,21.937620912413557
2451,21.937620912413557
2452,21.937620912413557
2453,21.937620912413557
2454,21.937620912413557
2455,21.937620912413557
2456,21.937620912413557
2457,21.937620912413557
2458,21.937620912413557
2459,21.937620912413557
2460,21.937620912413557
2461,21.937620912413557
2462,21.937620912413557
2463,21.937620912413557
2464,21.937620912413557
2465,21.937620912413557
2466,21.937620912413557
2467,21.937620912413557
2468,21.937620912413557
2469,21.937620912413557
2470,21.937620912413557
2471,21.937620912413557
2472,21.937620912413557
2473,21.937620912413557
2474,21.937620912413557
2475,21.937620912413557
2476,21.937620912413557
2477,21.937620912413557
2478,21.937620912413557
2479,21.937620912413557
2480,21.937620912413557
2481,21.937620912413557
2482,21.937620912413557
2483,21.937620912413557
2484,21.937620912413557
2485,21.937620912413557
2486,21.937620912413557
2487,21.937620912413557
2488,21.937620912413557
2489,21.937620912413557
2490,21.937620912413557
2491,21.937620912413557
2492,21.937620912413557
2493,21.937620912413557
2494,21.937620912413557
2495,21.937620912413557
2496,21.937620912413557
2497,21.937620912413557
2498,21.937620912413557
2499,21.937620912413557
2500,21.937620912413557
